Namams ir sau,Interjero detalės,Tekstilė,P470,"Pledai, antklodės"
Namams ir sau,Interjero detalės,Tekstilė,P4701,"Pagalvės, dekoratyvinės pagalvėlės"
Namams ir sau,Interjero detalės,Tekstilė,P4702,"Staltiesės, stalo padėkliukai, takeliai"
Namams ir sau,Interjero detalės,Tekstilė,P4703,Užuolaidos
Namams ir sau,Interjero detalės,Tekstilė,P4704,"Kilimai, durų kilimėliai"
Namams ir sau,Interjero detalės,Baldai namų,R35220,Baldų komplektai
Namams ir sau,Interjero detalės,Baldai namų,R35206,Kėdės ir pufai
Namams ir sau,Interjero detalės,Baldai namų,R35205,Konsolės
Namams ir sau,Interjero detalės,Baldai namų,R35208,Lentynos
Namams ir sau,Interjero detalės,Baldai namų,R35211,Spintelės ir komodos
Namams ir sau,Interjero detalės,Baldai namų,R35212,Stalai
Namams ir sau,Interjero detalės,Baldai namų,R35213,Suolai
Namams ir sau,Interjero detalės,Baldai namų,R35209,Širmos
Namams ir sau,Interjero detalės,RĖMELIAI IR ALBUMAI,R36502,Koliažiniai rėmeliai
Namams ir sau,Interjero detalės,RĖMELIAI IR ALBUMAI,R36501,Pastatomi rėmeliai
Namams ir sau,Interjero detalės,RĖMELIAI IR ALBUMAI,R36506,"Priminimų lentynėlės, molbertai"
Namams ir sau,Interjero detalės,RĖMELIAI IR ALBUMAI,R36507,Rėmeliai-dėžės
Namams ir sau,Interjero detalės,RĖMELIAI IR ALBUMAI,R202,Standartinių dydžių rėmeliai
Namams ir sau,Interjero detalės,RĖMELIAI IR ALBUMAI,R36505,Albumai
Namams ir sau,Interjero detalės,RĖMELIAI IR ALBUMAI,R200,CLIP rėmeliai
Namams ir sau,Interjero detalės,RĖMELIAI IR ALBUMAI,R201,Aliuminio rėmai
Namams ir sau,Interjero detalės,SIENŲ DEKORACIJOS,P4711,Veidrodžiai
Namams ir sau,Interjero detalės,SIENŲ DEKORACIJOS,R32301,Paveikslai
Namams ir sau,Interjero detalės,SIENŲ DEKORACIJOS,R36306,Sienų dekoracijos
Namams ir sau,Interjero detalės,Dekoro elementai,R36902,Žibintai
Namams ir sau,Interjero detalės,Dekoro elementai,R36901,Žvakidės
Namams ir sau,Interjero detalės,Dekoro elementai,R36801,Vazos
Namams ir sau,Interjero detalės,Dekoro elementai,R36101,Dirbtinės gėlės
Namams ir sau,Interjero detalės,Dekoro elementai,R37001,Skulptūros
Namams ir sau,Interjero detalės,Dekoro elementai,R37003,Figūrėlės
Namams ir sau,Interjero detalės,Dekoro elementai,R37106,"Dėžutės, indeliai"
Namams ir sau,Interjero detalės,Dekoro elementai,R37005,Padėklai dekoratyviniai
Namams ir sau,Interjero detalės,Dekoro elementai,R36305,"Vėjo varpeliai, pakabukai"
Namams ir sau,Interjero detalės,Dekoro elementai,R35113,Ginklų replikos
Namams ir sau,Interjero detalės,Šventinė atributika,P754,Vėliavos ir laikikliai
Namams ir sau,Interjero detalės,Šventinė atributika,P7542,Dovanų pakavimo priemonės
Namams ir sau,Interjero detalės,Šventinė atributika,P7543,Ritualiniai reikmenys
Namams ir sau,Interjero detalės,Šventinė atributika,R35801,"Vestuvės, sukaktuvės"
Namams ir sau,Interjero detalės,Šventinė atributika,R35821,Krikštynos
Namams ir sau,Interjero detalės,Šventinė atributika,R35803,Gimtadienio šventė
Namams ir sau,Interjero detalės,Šventinė atributika,R35802,Kalėdinės dekoracijos
Namams ir sau,Interjero detalės,Šventinė atributika,R35807,Velykinės dekoracijos
Namams ir sau,Interjero detalės,Šventinė atributika,R35808,Eglutės dekoracijos
Namams ir sau,Interjero detalės,Šventinė atributika,R35810,Šviečiančios girliandos
,,,,
Namams ir sau,Vonios ir tualeto kambario reikmenys,Vonios kambario reikmenys,P720,"Kilimėliai voniai, dušo užuolaidos"
Namams ir sau,Vonios ir tualeto kambario reikmenys,Vonios kambario reikmenys,P7201,"Muilo dozatoriai, muilinės"
Namams ir sau,Vonios ir tualeto kambario reikmenys,Vonios kambario reikmenys,P7202,Vonios lentynėlės
Namams ir sau,Vonios ir tualeto kambario reikmenys,Vonios kambario reikmenys,P7203,"Laikikliai dantų šepetėliams, rankšluosčiams"
Namams ir sau,Vonios ir tualeto kambario reikmenys,Vonios kambario reikmenys,P7204,Rankšluosčiai
Namams ir sau,Vonios ir tualeto kambario reikmenys,Tualeto reikmenys,P722,Tualeto šepečiai
Namams ir sau,Vonios ir tualeto kambario reikmenys,Tualeto reikmenys,P7221,Tualetinio popieriaus laikikliai
Namams ir sau,Vonios ir tualeto kambario reikmenys,Tualeto reikmenys,P7222,Klozetų dangčiai
Namams ir sau,Vonios ir tualeto kambario reikmenys,Tualeto reikmenys,P7223,"Tualetinis popierius, vienkartinės servetėlės"
Namams ir sau,Vonios ir tualeto kambario reikmenys,Tualeto reikmenys,P7224,"Muiliukai klozetui, purškikliai"
Namams ir sau,Vonios ir tualeto kambario reikmenys,Įranga žmonėms su specialiais poreikiais,P723,Įranga žmonėms su specialiais poreikiais
,,,,
Namams ir sau,Higiena ir kūno priežiūra,Grožio ir sveikatos priežiūros prietaisai,P730,Plaukų priežiūros prietaisai
Namams ir sau,Higiena ir kūno priežiūra,Grožio ir sveikatos priežiūros prietaisai,P7301,"Manikūro, pedikiūro įrankiai"
Namams ir sau,Higiena ir kūno priežiūra,Grožio ir sveikatos priežiūros prietaisai,P7302,Sveikatos priežiūrai
Namams ir sau,Higiena ir kūno priežiūra,Grožio ir sveikatos priežiūros prietaisai,P7303,Veido priežiūrai
Namams ir sau,Higiena ir kūno priežiūra,Plaukų priežiūrai,P732,Šampūnai
Namams ir sau,Higiena ir kūno priežiūra,Plaukų priežiūrai,P7321,Kondicionieriai
Namams ir sau,Higiena ir kūno priežiūra,Plaukų priežiūrai,P7322,"Plaukų šepečiai, aksesuarai"
Namams ir sau,Higiena ir kūno priežiūra,Kūno priežiūrai,P733,"Skystas muilas, kiti muilai"
Namams ir sau,Higiena ir kūno priežiūra,Kūno priežiūrai,P7331,Servetėlės rankoms
Namams ir sau,Higiena ir kūno priežiūra,Kūno priežiūrai,P7332,"Prausimosi, skutimosi priemonės"
Namams ir sau,Higiena ir kūno priežiūra,Kūno priežiūrai,P7333,Dezodorantai
,,,,
Namams ir sau,Galanterija ir aksesuarai,"Lagaminai, krepšiai, kuprinės",P740,"Lagaminai, krepšiai, kuprinės"
Namams ir sau,Galanterija ir aksesuarai,"Kosmetinės, veidrodėliai",P741,"Kosmetinės, veidrodėliai"
Namams ir sau,Galanterija ir aksesuarai,Skėčiai,P742,Skėčiai
Namams ir sau,Galanterija ir aksesuarai,Aksesuarai,P743,Aksesuarai
,,,,
Namams ir sau,Prekės namams ,Valymo reikmenys,P482,"Šepečiai, šluotos, kotai"
Namams ir sau,Prekės namams ,Valymo reikmenys,P4821,"Šluotelės, šluostės dulkėms"
Namams ir sau,Prekės namams ,Valymo reikmenys,P4822,Valytuvai langams ir grindims
Namams ir sau,Prekės namams ,Valymo reikmenys,P4823,"Kempinės, šveistukai"
Namams ir sau,Prekės namams ,Valymo reikmenys,P4824,"Kibirai, krepšiai"
Namams ir sau,Prekės namams ,Valymo reikmenys,P4825,Šiukšliadėžės
Namams ir sau,Prekės namams ,Valymo reikmenys,P4826,Šiukšlių maišai
Namams ir sau,Prekės namams ,Buitinė chemija,P483,Valymo priemonės
Namams ir sau,Prekės namams ,Buitinė chemija,P4831,Skalbimo priemonės
Namams ir sau,Prekės namams ,Buitinė chemija,P4832,Dezinfekavimo priemonės
Namams ir sau,Prekės namams ,Buitinė chemija,P4833,Indų plovimo priemonės
Namams ir sau,Prekės namams ,Buitinė chemija,P4834,"Distiliuotas vanduo, druska"
Namams ir sau,Prekės namams ,"Drabužių, avalynės priežiūra",P484,"Kabyklos, pakabos, kabliukai "
Namams ir sau,Prekės namams ,"Drabužių, avalynės priežiūra",P4841,"Skalbinių džiovyklos, segtukai, virvės"
Namams ir sau,Prekės namams ,"Drabužių, avalynės priežiūra",P4842,"Drabužių, batų laikymas, priežiūra"
Namams ir sau,Prekės namams ,Namų ūkio prekės,P485,"Pašto dėžutės, raktinės"
Namams ir sau,Prekės namams ,Namų ūkio prekės,P4851,Dėžės
Namams ir sau,Prekės namams ,Namų ūkio prekės,P4852,"Termometrai, higrometrai, pirometrai"
Namams ir sau,Prekės namams ,Namų ūkio prekės,P4853,Kėdutės-laipteliai
Namams ir sau,Prekės namams ,Namų ūkio prekės,P4854,Namų apsaugai
Namams ir sau,Prekės namams ,Namų ūkio prekės,R37104,Krepšiai
Namams ir sau,Prekės namams ,Smulki namų technika,P488,Plovimo valymo technika
Namams ir sau,Prekės namams ,Smulki namų technika,P4881,Klimato kontrolės technika
Namams ir sau,Prekės namams ,Smulki namų technika,P4882,Svarstyklės
Namams ir sau,Prekės namams ,Smulki namų technika,P4883,Laikrodžiai ir žadintuvai
Namams ir sau,Prekės namams ,Smulki namų technika,P4884,Mobiliųjų telefonų priedai
Namams ir sau,Prekės namams ,Smulki namų technika,P4885,Lyginimo ir drabužių priežiūros įranga
Namams ir sau,Prekės namams ,"Namų kvapai, žvakės",P486,Aerozoliniai gaivikliai
Namams ir sau,Prekės namams ,"Namų kvapai, žvakės",P4861,"Kvapnios lazdelės, smilkalai"
Namams ir sau,Prekės namams ,"Namų kvapai, žvakės",P4862,Sausi kvapai
Namams ir sau,Prekės namams ,"Namų kvapai, žvakės",P4863,Žvakės
Namams ir sau,Prekės namams ,"Namų kvapai, žvakės",P4864,"Kvapieji aliejai, esensijos"
Namams ir sau,Prekės namams ,"Kaminų, krosnių valymas ir priežiūra",P487,Dervų valymo priemonės
Namams ir sau,Prekės namams ,"Kaminų, krosnių valymas ir priežiūra",P4871,Įrankiai kaminų valymui
Namams ir sau,Prekės namams ,"Kaminų, krosnių valymas ir priežiūra",P4872,"Krosnelės, židiniai ir jų priedai"
,,,,
Namams ir sau,Kanceliarinės prekės,Biuro ir mokyklos reikmenys,P750,Žirklės
Namams ir sau,Kanceliarinės prekės,Biuro ir mokyklos reikmenys,P7501,"Segikliai, sąvaržėlės"
Namams ir sau,Kanceliarinės prekės,Biuro ir mokyklos reikmenys,P7502,Lipnios juostelės
Namams ir sau,Kanceliarinės prekės,Biuro ir mokyklos reikmenys,P7503,"Pieštukinės, taupyklės"
Namams ir sau,Kanceliarinės prekės,Biuro ir mokyklos reikmenys,P7504,Padidinimo stiklai
Namams ir sau,Kanceliarinės prekės,Biuro ir mokyklos reikmenys,P7505,Rašymo priemonės
Namams ir sau,Kanceliarinės prekės,Biuro ir mokyklos reikmenys,P7506,Piešimo priemonės
Namams ir sau,Kanceliarinės prekės,Biuro ir mokyklos reikmenys,R35111,Raktų pakabukai
Namams ir sau,Kanceliarinės prekės,Biuro ir mokyklos reikmenys,R35805,Suvenyrai
,,,,
Namams ir sau,Virtuvės ir stalo reikmenys,Maisto ruošimo reikmenys,P700,"Peiliai, galąstuvai"
Namams ir sau,Virtuvės ir stalo reikmenys,Maisto ruošimo reikmenys,P7001,Pjaustymo lentelės
Namams ir sau,Virtuvės ir stalo reikmenys,Maisto ruošimo reikmenys,P7002,"Pjaustyklės, trintuvės, mėsmalės"
Namams ir sau,Virtuvės ir stalo reikmenys,Maisto ruošimo reikmenys,P7003,"Kiaurasamčiai, sieteliai"
Namams ir sau,Virtuvės ir stalo reikmenys,Maisto ruošimo reikmenys,P7004,Virtuvės įrankiai
Namams ir sau,Virtuvės ir stalo reikmenys,Maisto ruošimo reikmenys,P7005,Konservavimo įrankiai
Namams ir sau,Virtuvės ir stalo reikmenys,Maisto ruošimo reikmenys,P7006,"Atidarytuvai, kamščiatraukiai"
Namams ir sau,Virtuvės ir stalo reikmenys,Maisto ruošimo reikmenys,P7007,Matavimo indai
Namams ir sau,Virtuvės ir stalo reikmenys,Maisto ruošimo reikmenys,P7008,Dubenys
Namams ir sau,Virtuvės ir stalo reikmenys,Maisto ruošimo reikmenys,P7009,Puodai
Namams ir sau,Virtuvės ir stalo reikmenys,Maisto ruošimo reikmenys,P7010,Keptuvės
Namams ir sau,Virtuvės ir stalo reikmenys,Maisto ruošimo reikmenys,P7011,"Indų džiovyklos, įrankių dėklai"
Namams ir sau,Virtuvės ir stalo reikmenys,Maisto ruošimo reikmenys,P7012,"Gertuvės, termosai, termo puodeliai"
Namams ir sau,Virtuvės ir stalo reikmenys,Maisto ruošimo reikmenys,P7013,"Virtuvinės pirštinės, rankšluosčiai, prijuostės"
Namams ir sau,Virtuvės ir stalo reikmenys,Smulki virtuvės technika,P703,Maisto smulkinimo technika
Namams ir sau,Virtuvės ir stalo reikmenys,Smulki virtuvės technika,P7031,Virimo ir kepimo technika
Namams ir sau,Virtuvės ir stalo reikmenys,Smulki virtuvės technika,P7032,"Svarstyklės, svertuvai"
Namams ir sau,Virtuvės ir stalo reikmenys,Smulki virtuvės technika,P7033,Kita virtuvės technika
Namams ir sau,Virtuvės ir stalo reikmenys,Serviravimo indai ir reikmenys,P704,Puodeliai ir arbatinukai
Namams ir sau,Virtuvės ir stalo reikmenys,Serviravimo indai ir reikmenys,P7041,"Lėkštės, dubenėliai"
Namams ir sau,Virtuvės ir stalo reikmenys,Serviravimo indai ir reikmenys,P7042,Stalo įrankiai
Namams ir sau,Virtuvės ir stalo reikmenys,Serviravimo indai ir reikmenys,P7043,"Staltiesės, servetėlės, klijuotės, padėkliukai"
Namams ir sau,Virtuvės ir stalo reikmenys,Serviravimo indai ir reikmenys,P7044,Užkandžių ir serviravimo indai
Namams ir sau,Virtuvės ir stalo reikmenys,Serviravimo indai ir reikmenys,P7045,Taurės ir bokalai
Namams ir sau,Virtuvės ir stalo reikmenys,Serviravimo indai ir reikmenys,P7046,"Stiklinės, stikliukai"
Namams ir sau,Virtuvės ir stalo reikmenys,Serviravimo indai ir reikmenys,R36707,Vaisinės
Namams ir sau,Virtuvės ir stalo reikmenys,Maisto saugojimo indai,P706,"Maistiniai kibirėliai, kubiliukai"
Namams ir sau,Virtuvės ir stalo reikmenys,Maisto saugojimo indai,P7061,"Indeliai maistui, biriems produktams"
Namams ir sau,Virtuvės ir stalo reikmenys,Maisto saugojimo indai,P7062,Prieskonių indeliai
Namams ir sau,Virtuvės ir stalo reikmenys,Maisto saugojimo indai,P7063,Duoninės
Namams ir sau,Virtuvės ir stalo reikmenys,"Kepimo formos, folija, maišeliai",P708,Kepimo formos
Namams ir sau,Virtuvės ir stalo reikmenys,"Kepimo formos, folija, maišeliai",P7081,"Folija, kepimo popierius"
Namams ir sau,Virtuvės ir stalo reikmenys,"Kepimo formos, folija, maišeliai",P7082,Maišeliai maistui
Namams ir sau,Virtuvės ir stalo reikmenys,"Vienkartiniai indai, įrankiai",P709,Vienkartinės lėkštės
Namams ir sau,Virtuvės ir stalo reikmenys,"Vienkartiniai indai, įrankiai",P7091,"Vienkartiniai puodeliai, stiklinės"
Namams ir sau,Virtuvės ir stalo reikmenys,"Vienkartiniai indai, įrankiai",P7092,Vienkartiniai stalo įrankiai
Namams ir sau,Virtuvės ir stalo reikmenys,"Vienkartiniai indai, įrankiai",P7093,"Vienkartiniai šiaudeliai, iešmeliai"
Namams ir sau,Virtuvės ir stalo reikmenys,Baras,R35101,Gertuvės alkoholiui
Namams ir sau,Virtuvės ir stalo reikmenys,Baras,R35102,"Kokteilių plaktuvai, kibirėliai ledukams"
Namams ir sau,Virtuvės ir stalo reikmenys,Baras,R35122,"Butelių laikikliai, vyninės"
Namams ir sau,Virtuvės ir stalo reikmenys,Baras,R35124,Vyno aksesuarai
,,,,
Namams ir sau,Laisvalaikio ir turizmo prekės,"Kepsninės, šašlykinės, rūkyklos ir jų priedai",P760,Kieto kuro kepsninės
Namams ir sau,Laisvalaikio ir turizmo prekės,"Kepsninės, šašlykinės, rūkyklos ir jų priedai",P7601,Dujinės kepsninės
Namams ir sau,Laisvalaikio ir turizmo prekės,"Kepsninės, šašlykinės, rūkyklos ir jų priedai",P7602,Kepimo įrankiai ir reikmenys
Namams ir sau,Laisvalaikio ir turizmo prekės,"Kepsninės, šašlykinės, rūkyklos ir jų priedai",P7603,Kepimo indai
Namams ir sau,Laisvalaikio ir turizmo prekės,"Kepsninės, šašlykinės, rūkyklos ir jų priedai",P7604,"Degus skystis, anglis, pjuvenos"
Namams ir sau,Laisvalaikio ir turizmo prekės,"Kepsninės, šašlykinės, rūkyklos ir jų priedai",P7605,"Uždegikliai, žiebtuvėliai"
Namams ir sau,Laisvalaikio ir turizmo prekės,"Kepsninės, šašlykinės, rūkyklos ir jų priedai",P7606,Kepsninių valymo įrankiai ir priemonės
Namams ir sau,Laisvalaikio ir turizmo prekės,Turizmo prekės,P762,"Žibalinės lempos, fakelai, žibalas"
Namams ir sau,Laisvalaikio ir turizmo prekės,Turizmo prekės,P7621,"Turistinės viryklės, jų dalys"
Namams ir sau,Laisvalaikio ir turizmo prekės,Turizmo prekės,P7622,Turistiniai baldai
Namams ir sau,Laisvalaikio ir turizmo prekės,Turizmo prekės,P7623,Pripučiamos ir paplūdimio prekės
Namams ir sau,Laisvalaikio ir turizmo prekės,Turizmo prekės,P7624,"Palapinės, užuovėjos, skėčiai"
Namams ir sau,Laisvalaikio ir turizmo prekės,Turizmo prekės,P7625,Kelioniniai šaltkrepšiai
Namams ir sau,Laisvalaikio ir turizmo prekės,Turizmo prekės,P7626,Turistiniai indai
Namams ir sau,Laisvalaikio ir turizmo prekės,Turizmo prekės,P7627,Laisvalaikio avalynė
Namams ir sau,Laisvalaikio ir turizmo prekės,Turizmo prekės,P7628,Kitas turistinis inventorius
Namams ir sau,Laisvalaikio ir turizmo prekės,Turizmo prekės,P7629,Sporto prekės
Namams ir sau,Laisvalaikio ir turizmo prekės,Dviračių priedai,P764,"Dviračių skambučiai, signalai"
Namams ir sau,Laisvalaikio ir turizmo prekės,Dviračių priedai,P7641,Lempos dviračiams
Namams ir sau,Laisvalaikio ir turizmo prekės,Dviračių priedai,P7642,Laikikliai dviračių tvirtinimui
Namams ir sau,Laisvalaikio ir turizmo prekės,Dviračių priedai,P7643,Dviračių priežiūros reikmenys
Namams ir sau,Laisvalaikio ir turizmo prekės,Dviračių priedai,P7644,Dviračių aksesuarai
Namams ir sau,Laisvalaikio ir turizmo prekės,"Saunos, pirties prekės",P766,Pirties kvapai
Namams ir sau,Laisvalaikio ir turizmo prekės,"Saunos, pirties prekės",P7661,Pirties termometrai
Namams ir sau,Laisvalaikio ir turizmo prekės,"Saunos, pirties prekės",P7662,Pirties tekstilė
Namams ir sau,Laisvalaikio ir turizmo prekės,"Saunos, pirties prekės",P7663,"Samčiai, kubiliukai, vantos"
Namams ir sau,Laisvalaikio ir turizmo prekės,"Saunos, pirties prekės",P7664,Kūno priežiūros priemonės
,,,,
Namams ir sau,Gyvūnų prekės,Gyvūnų priežiūros priemonės,P770,Gyvūnų priežiūros priemonės
Namams ir sau,Gyvūnų prekės,"Gyvūnų transportavimo narvai, krepšiai",P772,"Gyvūnų guoliai, transportavimo narvai"
Namams ir sau,Gyvūnų prekės,Žaislai gyvūnams,P773,Žaislai gyvūnams
Namams ir sau,Gyvūnų prekės,Kačių tualetai,P774,Kačių tualetai
Namams ir sau,Gyvūnų prekės,"Indai maistui, lesyklėlės",P775,"Indai maistui, lesyklėlės"
Namams ir sau,Gyvūnų prekės,Pavadėliai šunims,P776,Pavadėliai šunims
Namams ir sau,Gyvūnų prekės,Prekės bitininkams,P778,Prekės bitininkams
,,,,
Sodui ir daržui,Sodo daržo prekės ,"Kastuvai, semtuvai",P490,Kastuvai
Sodui ir daržui,Sodo daržo prekės ,"Kastuvai, semtuvai",P4901,Semtuvai
Sodui ir daržui,Sodo daržo prekės ,"Sodo žirklės, sekatoriai ",P491,Sekatoriai
Sodui ir daržui,Sodo daržo prekės ,"Sodo žirklės, sekatoriai ",P4911,Sodo žirklės
Sodui ir daržui,Sodo daržo prekės ,"Agrodangos, plėvelės, uždangos",P492,"Agrodangos, tekstilė"
Sodui ir daržui,Sodo daržo prekės ,"Agrodangos, plėvelės, uždangos",P4921,"Šiltnamiai, plėvelės"
Sodui ir daržui,Sodo daržo prekės ,"Agrodangos, plėvelės, uždangos",P4922,"Uždangos, tentai"
Sodui ir daržui,Sodo daržo prekės ,"Trąšos, durpių substratai ",P493,Durpių substratai
Sodui ir daržui,Sodo daržo prekės ,"Trąšos, durpių substratai ",P4931,Trąšos
Sodui ir daržui,Sodo daržo prekės ,"Purkštuvai, laistymo įranga ",P494,Purkštuvai augalams ir jų priedai
Sodui ir daržui,Sodo daržo prekės ,"Purkštuvai, laistymo įranga ",P4941,Laistytuvai
Sodui ir daržui,Sodo daržo prekės ,"Purkštuvai, laistymo įranga ",P4942,Sujungimai
Sodui ir daržui,Sodo daržo prekės ,"Purkštuvai, laistymo įranga ",P4943,Laistymo žarnos
Sodui ir daržui,Sodo daržo prekės ,"Purkštuvai, laistymo įranga ",P4944,Purkštukai
Sodui ir daržui,Sodo daržo prekės ,"Purkštuvai, laistymo įranga ",P4945,Kita laistymo įranga
Sodui ir daržui,Sodo daržo prekės ,"Virvės, špagatai ",P495,Špagatai
Sodui ir daržui,Sodo daržo prekės ,"Virvės, špagatai ",P4951,Virvės
Sodui ir daržui,Sodo daržo prekės ,Grandinės ir jų priedai,P496,Grandinės ir jų priedai
Sodui ir daržui,Sodo daržo prekės ,Karučiai ir jų dalys,P497,Karučiai ir jų dalys
Sodui ir daržui,Sodo daržo prekės ,Grėbliai,P498,Grėbliai
Sodui ir daržui,Sodo daržo prekės ,Sodo daržo įrankių kotai,P499,Sodo daržo įrankių kotai
Sodui ir daržui,Sodo daržo prekės ,"Dalgiai, pjautuvai",P500,"Dalgiai, pjautuvai"
Sodui ir daržui,Sodo daržo prekės ,"Kauptukai, purentuvai",P501,"Kauptukai, purentuvai"
Sodui ir daržui,Sodo daržo prekės ,Šakės ,P502,Šakės 
Sodui ir daržui,Sodo daržo prekės ,Kiti sodo daržo įrankiai,P503,Kiti sodo daržo įrankiai
Sodui ir daržui,Sodo daržo prekės ,"Kibirai, dėžės ir kitos talpos",P504,"Kanistrai vandeniui, praustuvai"
Sodui ir daržui,Sodo daržo prekės ,"Kibirai, dėžės ir kitos talpos",P5041,"Kibirai, vonelės"
Sodui ir daržui,Sodo daržo prekės ,"Kibirai, dėžės ir kitos talpos",P5042,"Sodo dėžės, krepšiai"
Sodui ir daržui,Sodo daržo prekės ,Sodo technika ir priedai,P505,Valai žoliapjovėms
Sodui ir daržui,Sodo daržo prekės ,Sodo technika ir priedai,P5051,Sodo technika
Sodui ir daržui,Sodo daržo prekės ,Sodo technika ir priedai,P5052,Alyva sodo technikai
Sodui ir daržui,Sodo daržo prekės ,Vazonai ir kitos prekės augalams,P506,"Atramos, kuoliukai augalams"
Sodui ir daržui,Sodo daržo prekės ,Vazonai ir kitos prekės augalams,P5061,"Tvorelės vejai, daigyklos"
Sodui ir daržui,Sodo daržo prekės ,Vazonai ir kitos prekės augalams,P5062,"Vazonai, loveliai gėlėms"
Sodui ir daržui,Sodo daržo prekės ,Vazonai ir kitos prekės augalams,P5063,Sodo dekoracijos
Sodui ir daržui,Sodo daržo prekės ,Vazonai ir kitos prekės augalams,R35202,Vazonų stovai
Sodui ir daržui,Sodo daržo prekės ,Sodo daržo maišai derliui,P507,Sodo daržo maišai derliui
Sodui ir daržui,Sodo daržo prekės ,Priemonės nuo kenkėjų,P508,Tinkleliai nuo vabzdžių langams ir durims
Sodui ir daržui,Sodo daržo prekės ,Priemonės nuo kenkėjų,P5081,Augalų apsauginiai tinklai
Sodui ir daržui,Sodo daržo prekės ,Priemonės nuo kenkėjų,P5082,"Spąstai, narvai kenkėjams"
Sodui ir daržui,Sodo daržo prekės ,Priemonės nuo kenkėjų,P5083,Cheminės priemonės nuo kenkėjų
Sodui ir daržui,Sodo daržo prekės ,Priemonės nuo kenkėjų,P5084,Mechaninės priemonės nuo kenkėjų
Sodui ir daržui,Sodo daržo prekės ,Priemonės nuo kenkėjų,P5085,Elektrinės priemonės nuo kenkėjų
Sodui ir daržui,Sodo daržo prekės ,"Kopėčios, atramos",P509,"Kopėčios, atramos"
Sodui ir daržui,Sodo daržo prekės ,Sodas ir terasa,P5090,Lauko baldų komplektai
Sodui ir daržui,Sodo daržo prekės ,Sodas ir terasa,P5091,Lauko kėdės
Sodui ir daržui,Sodo daržo prekės ,Sodas ir terasa,P5092,Suoliukai
Sodui ir daržui,Sodo daržo prekės ,Sodas ir terasa,P5093,"Pakabinami krėslai, sūpynės"
Sodui ir daržui,Sodo daržo prekės ,Sodas ir terasa,P5094,Hamakai
Sodui ir daržui,Sodo daržo prekės ,Sodas ir terasa,P5095,Gultai
Sodui ir daržui,Sodo daržo prekės ,Sodas ir terasa,P5096,"Skėčiai, tentai nuo saulės"
Sodui ir daržui,Sodo daržo prekės ,Sodas ir terasa,P5097,Pavėsinės
,,,,
Remonto darbams,Dažymo įrankiai ,Plokšti teptukai ,P520,Plokšti teptukai 
Remonto darbams,Dažymo įrankiai ,Apvalūs teptukai ,P521,Apvalūs teptukai 
Remonto darbams,Dažymo įrankiai ,"Šepečiai dažymui, tapetavimui",P522,"Šepečiai dažymui, tapetavimui"
Remonto darbams,Dažymo įrankiai ,"Voleliai, ritinėliai, rankenos",P523,"Rankenos, kotai voleliams"
Remonto darbams,Dažymo įrankiai ,"Voleliai, ritinėliai, rankenos",P5231,Ritinėliai
Remonto darbams,Dažymo įrankiai ,"Voleliai, ritinėliai, rankenos",P5232,Voleliai
Remonto darbams,Dažymo įrankiai ,Purkštuvai dažymui ir jų priedai,P524,Purkštuvai dažymui ir jų priedai
Remonto darbams,Dažymo įrankiai ,"Apsauginės plėvelės, uždangos dažymui",P525,"Apsauginės plėvelės, uždangos dažymui"
Remonto darbams,Dažymo įrankiai ,"Vonelės, kibirai dažams",P526,"Vonelės, kibirai dažams"
Remonto darbams,Dažymo įrankiai ,Teptukų rinkiniai,P527,Teptukų rinkiniai
Remonto darbams,Dažymo įrankiai ,"Teptukai radiatoriams, kampams ir kiti",P528,"Teptukai radiatoriams, kampams ir kiti"
Remonto darbams,Dažymo įrankiai ,Kiti dažymo įrankiai ,P529,Kiti dažymo įrankiai 
,,,,
Remonto darbams,Apdailos įrankiai ,Glaistyklės ,P530,Glaistyklės 
Remonto darbams,Apdailos įrankiai ,Trintuvės ,P531,Trintuvės 
Remonto darbams,Apdailos įrankiai ,"Mikseriai dažams, klijams ",P532,"Mikseriai dažams, klijams "
Remonto darbams,Apdailos įrankiai ,Mentės ,P533,Mentės 
Remonto darbams,Apdailos įrankiai ,Gremžtukai,P535,Gremžtukai
Remonto darbams,Apdailos įrankiai ,"Staklės pjaustymui, užspaudimui",P536,"Staklės pjaustymui, užspaudimui"
Remonto darbams,Apdailos įrankiai ,Kiti apdailos įrankiai ,P534,Kiti apdailos įrankiai 
Remonto darbams,Apdailos įrankiai ,Statybinės talpos,P537,Kubilai
Remonto darbams,Apdailos įrankiai ,Statybinės talpos,P5371,Kibirai
,,,,
Remonto darbams,Matavimo įrankiai ,Ruletės ,P540,Ruletės 
Remonto darbams,Matavimo įrankiai ,Liniuotės ,P541,Liniuotės 
Remonto darbams,Matavimo įrankiai ,Gulsčiukai ,P542,Gulsčiukai 
Remonto darbams,Matavimo įrankiai ,Slankmačiai ,P543,Slankmačiai 
Remonto darbams,Matavimo įrankiai ,Kampainiai ,P544,Kampainiai 
Remonto darbams,Matavimo įrankiai ,Lentjuostės ,P545,Lentjuostės 
Remonto darbams,Matavimo įrankiai ,"Matavimo virvelės, žymekliai",P546,"Matavimo virvelės, žymekliai"
Remonto darbams,Matavimo įrankiai ,Elektroniniai matavimo prietaisai,P547,Elektroniniai matavimo prietaisai
,,,,
Remonto darbams,Grąžtai ,Grąžtai betonui ,P550,Grąžtai betonui 
Remonto darbams,Grąžtai ,Grąžtai metalui ,P551,Grąžtai metalui 
Remonto darbams,Grąžtai ,Grąžtai medžiui ,P552,Grąžtai medžiui 
Remonto darbams,Grąžtai ,Grąžtų rinkiniai ,P553,Grąžtų rinkiniai 
Remonto darbams,Grąžtai ,Griebtuvai grąžtams ,P554,Griebtuvai grąžtams 
Remonto darbams,Grąžtai ,Universalūs grąžtai,P556,Universalūs grąžtai
Remonto darbams,Grąžtai ,Kiti gręžimo įrankiai ,P555,Kiti gręžimo įrankiai 
,,,,
Remonto darbams,"Įrankiai, technika",Elektriniai įrankiai ir jų priedai,P560,Aukšto slėgio plovyklos
Remonto darbams,"Įrankiai, technika",Elektriniai įrankiai ir jų priedai,P5601,Dulkių siurbliai
Remonto darbams,"Įrankiai, technika",Elektriniai įrankiai ir jų priedai,P5602,Fenai/orapūtės
Remonto darbams,"Įrankiai, technika",Elektriniai įrankiai ir jų priedai,P5603,"Gręžtuvai, kaltuvai"
Remonto darbams,"Įrankiai, technika",Elektriniai įrankiai ir jų priedai,P5604,Multifunkciniai įrankiai
Remonto darbams,"Įrankiai, technika",Elektriniai įrankiai ir jų priedai,P5605,Pistoletai klijavimui
Remonto darbams,"Įrankiai, technika",Elektriniai įrankiai ir jų priedai,P5606,Pjovimo įrankiai 
Remonto darbams,"Įrankiai, technika",Elektriniai įrankiai ir jų priedai,P5607,"Suktuvai, veržliasukiai"
Remonto darbams,"Įrankiai, technika",Elektriniai įrankiai ir jų priedai,P5608,Suvirinimo aparatai
Remonto darbams,"Įrankiai, technika",Elektriniai įrankiai ir jų priedai,P5609,"Šlifavimo, obliavimo ir poliravimo įrankiai"
Remonto darbams,"Įrankiai, technika",Elektriniai įrankiai ir jų priedai,P5610,"Vandens siurbliai, hidroforai, pompos"
Remonto darbams,"Įrankiai, technika",Elektriniai įrankiai ir jų priedai,P5611,Kiti elektriniai įrankiai
Remonto darbams,"Įrankiai, technika",Benzininiai įrankiai ir jų priedai,P561,Benzininiai įrankiai ir jų priedai
Remonto darbams,"Įrankiai, technika",Pneumatiniai įrankiai ir jų priedai,P562,"Filtrai, reduktoriai"
Remonto darbams,"Įrankiai, technika",Pneumatiniai įrankiai ir jų priedai,P5621,"Gręžtuvai, veržliasukiai"
Remonto darbams,"Įrankiai, technika",Pneumatiniai įrankiai ir jų priedai,P5622,Kaltuvai
Remonto darbams,"Įrankiai, technika",Pneumatiniai įrankiai ir jų priedai,P5623,Pistoletai prapūtimui
Remonto darbams,"Įrankiai, technika",Pneumatiniai įrankiai ir jų priedai,P5624,Pjovimo įrankiai
Remonto darbams,"Įrankiai, technika",Pneumatiniai įrankiai ir jų priedai,P5625,Pneumatinės jungtys
Remonto darbams,"Įrankiai, technika",Pneumatiniai įrankiai ir jų priedai,P5626,Pneumatinės žarnos
Remonto darbams,"Įrankiai, technika",Pneumatiniai įrankiai ir jų priedai,P5627,Šlifuokliai
Remonto darbams,"Įrankiai, technika",Akumuliatoriniai įrankiai ir jų priedai,P563,Dulkių siurbliai
Remonto darbams,"Įrankiai, technika",Akumuliatoriniai įrankiai ir jų priedai,P5631,"Gręžtuvai, suktuvai, veržliasukiai"
Remonto darbams,"Įrankiai, technika",Akumuliatoriniai įrankiai ir jų priedai,P5632,Multifunkciniai įrankiai
Remonto darbams,"Įrankiai, technika",Akumuliatoriniai įrankiai ir jų priedai,P5633,Pistoletai klijavimui
Remonto darbams,"Įrankiai, technika",Akumuliatoriniai įrankiai ir jų priedai,P5634,Pjovimo įrankiai
Remonto darbams,"Įrankiai, technika",Akumuliatoriniai įrankiai ir jų priedai,P5635,Šlifavimo ir poliravimo įrankiai
Remonto darbams,"Įrankiai, technika",Akumuliatoriniai įrankiai ir jų priedai,P5636,Įrankių akumuliatoriai ir jų priedai
Remonto darbams,"Įrankiai, technika",Akumuliatoriniai įrankiai ir jų priedai,P5637,Kiti akumuliatoriniai įrankiai
,,,,
Remonto darbams,Diskai ,Metalo pjovimo diskai ,P570,Metalo pjovimo diskai 
Remonto darbams,Diskai ,Akmens pjovimo diskai ,P571,Akmens pjovimo diskai 
Remonto darbams,Diskai ,Deimantiniai diskai ,P572,Deimantiniai diskai 
Remonto darbams,Diskai ,Galandinimo diskai ,P573,Galandinimo diskai 
Remonto darbams,Diskai ,Medžio pjovimo diskai,P574,Medžio pjovimo diskai
,,,,
Remonto darbams,Šlifavimo priemonės ,Šlifavimo diskai ,P580,Šlifavimo diskai 
Remonto darbams,Šlifavimo priemonės ,Šlifavimo popierius,P581,Šlifavimo popierius
Remonto darbams,Šlifavimo priemonės ,Laikikliai ir padai ,P582,Laikikliai ir padai 
Remonto darbams,Šlifavimo priemonės ,Šepečiai šlifavimui ,P583,Šepečiai šlifavimui 
Remonto darbams,Šlifavimo priemonės ,Poliravimo įrankiai ,P584,Poliravimo įrankiai 
Remonto darbams,Šlifavimo priemonės ,Galąstuvai,P585,Galąstuvai
Remonto darbams,Šlifavimo priemonės ,Šlifavimo diskeliai,P586,Šlifavimo diskeliai
Remonto darbams,Šlifavimo priemonės ,Šlifavimo juostos,P587,Šlifavimo juostos
Remonto darbams,Šlifavimo priemonės ,Šlifavimo kempinės,P588,Šlifavimo kempinės
Remonto darbams,Šlifavimo priemonės ,Šlifavimo tinkleliai,P589,Šlifavimo tinkleliai
,,,,
Remonto darbams,Rankinio darbo įrankiai ,"Pjūklai, loveliai kampams",P590,Pjūklai medžiui 
Remonto darbams,Rankinio darbo įrankiai ,"Pjūklai, loveliai kampams",P5901,Pjūklai metalui 
Remonto darbams,Rankinio darbo įrankiai ,"Pjūklai, loveliai kampams",P5902,Specialios paskirties pjūklai
Remonto darbams,Rankinio darbo įrankiai ,"Pjūklai, loveliai kampams",P5903,Loveliai kampams
Remonto darbams,Rankinio darbo įrankiai ,Dildės ,P591,Dildės 
Remonto darbams,Rankinio darbo įrankiai ,"Plaktukai, kūjai",P592,Plaktukai
Remonto darbams,Rankinio darbo įrankiai ,"Plaktukai, kūjai",P5921,Kūjai
Remonto darbams,Rankinio darbo įrankiai ,Replės,P593,Replės
Remonto darbams,Rankinio darbo įrankiai ,Įrankių kotai,P594,Įrankių kotai
Remonto darbams,Rankinio darbo įrankiai ,Peiliukai ,P595,Peiliukai 
Remonto darbams,Rankinio darbo įrankiai ,Atsuktuvai,P596,Atsuktuvai
Remonto darbams,Rankinio darbo įrankiai ,Kirviai,P597,Kirviai
Remonto darbams,Rankinio darbo įrankiai ,Kniedikliai ,P598,Kniedikliai 
Remonto darbams,Rankinio darbo įrankiai ,"Susegėjai kabėms, spaudikliai hermetikams ",P599,Spaudikliai hermetikams 
Remonto darbams,Rankinio darbo įrankiai ,"Susegėjai kabėms, spaudikliai hermetikams ",P5991,Susegėjai kabėms
Remonto darbams,Rankinio darbo įrankiai ,Įrankiai plytelėms ir stiklui ,P601,"Kryželiai plytelėms, klipsai, pleištai"
Remonto darbams,Rankinio darbo įrankiai ,Įrankiai plytelėms ir stiklui ,P6011,Staklės plytelių pjaustymui
Remonto darbams,Rankinio darbo įrankiai ,Įrankiai plytelėms ir stiklui ,P6012,Grąžtai stiklui ir plytelėms
Remonto darbams,Rankinio darbo įrankiai ,Įrankiai plytelėms ir stiklui ,P6013,Rėžtukai
Remonto darbams,Rankinio darbo įrankiai ,Įrankiai plytelėms ir stiklui ,P6014,Laikikliai stiklui
Remonto darbams,Rankinio darbo įrankiai ,Įrankiai plytelėms ir stiklui ,P6015,Kiti įrankiai
Remonto darbams,Rankinio darbo įrankiai ,"Laužtuvai, kirstukai, kaltai, viniatraukiai",P602,Laužtuvai
Remonto darbams,Rankinio darbo įrankiai ,"Laužtuvai, kirstukai, kaltai, viniatraukiai",P6021,Viniatraukiai
Remonto darbams,Rankinio darbo įrankiai ,"Laužtuvai, kirstukai, kaltai, viniatraukiai",P6022,Kirstukai
Remonto darbams,Rankinio darbo įrankiai ,"Laužtuvai, kirstukai, kaltai, viniatraukiai",P6023,Kaltai
Remonto darbams,Rankinio darbo įrankiai ,"Laužtuvai, kirstukai, kaltai, viniatraukiai",P6024,Skylamušiai
Remonto darbams,Rankinio darbo įrankiai ,"Dėžės, spintelės įrankiams, vežimėliai",P603,Dėžės įrankiams
Remonto darbams,Rankinio darbo įrankiai ,"Dėžės, spintelės įrankiams, vežimėliai",P6031,"Spintelės, lentynos"
Remonto darbams,Rankinio darbo įrankiai ,"Dėžės, spintelės įrankiams, vežimėliai",P6032,Vežimėliai transportavimui
Remonto darbams,Rankinio darbo įrankiai ,"Dėžės, spintelės įrankiams, vežimėliai",P6033,"Diržai įrankiams, krepšiai ir kiti"
Remonto darbams,Rankinio darbo įrankiai ,Litavimo įrankiai ir medžiagos,P604,Lituokliai 
Remonto darbams,Rankinio darbo įrankiai ,Litavimo įrankiai ir medžiagos,P6041,"Litavimo lempos, degikliai"
Remonto darbams,Rankinio darbo įrankiai ,Litavimo įrankiai ir medžiagos,P6042,Litavimo medžiagos ir priedai
Remonto darbams,Rankinio darbo įrankiai ,Statybiniai įrankiai,P605,Statybiniai įrankiai
Remonto darbams,Rankinio darbo įrankiai ,"Suvirinimo priemonės, įranga",P606,"Laikikliai elektrodams, elektrodai"
Remonto darbams,Rankinio darbo įrankiai ,"Suvirinimo priemonės, įranga",P6061,Magnetiniai laikikliai
Remonto darbams,Rankinio darbo įrankiai ,"Suvirinimo priemonės, įranga",P6062,Suvirinimo juostos
Remonto darbams,Rankinio darbo įrankiai ,Obliai ,P611,Obliai 
Remonto darbams,Rankinio darbo įrankiai ,"Veržtuvai, spaustuvai",P612,Veržtuvai
Remonto darbams,Rankinio darbo įrankiai ,"Veržtuvai, spaustuvai",P610,Spaustuvai
Remonto darbams,Rankinio darbo įrankiai ,"Markeriai, pieštukai ",P613,"Markeriai, pieštukai "
Remonto darbams,Rankinio darbo įrankiai ,"Žnyplės, žirklės",P620,Žirklės
Remonto darbams,Rankinio darbo įrankiai ,"Žnyplės, žirklės",P621,Žnyplės
Remonto darbams,Rankinio darbo įrankiai ,"Sriegikliai, sriegpjovės ",P623,"Sriegikliai, sriegpjovės "
,,,,
Remonto darbams,Raktai ,,,
Remonto darbams,Raktai ,Plokšti dvipusiai raktai ,P630,Plokšti dvipusiai raktai 
Remonto darbams,Raktai ,Plokšti-kilpiniai raktai ,P631,Plokšti-kilpiniai raktai 
Remonto darbams,Raktai ,Dvipusiai lenkti (kilpiniai) raktai ,P632,Dvipusiai lenkti (kilpiniai) raktai 
Remonto darbams,Raktai ,Dvipusiai (plokščias+galvutė) raktai ,P633,Dvipusiai (plokščias+galvutė) raktai 
Remonto darbams,Raktai ,"Antgaliai, galvutės",P634,Antgaliai
Remonto darbams,Raktai ,"Antgaliai, galvutės",P6341,Galvutės
Remonto darbams,Raktai ,"Antgaliai, galvutės",P6342,Galvutės-antgaliai
Remonto darbams,Raktai ,"Pypkiniai, T-formos ir pan. raktai ",P635,"Pypkiniai, T-formos ir pan. raktai "
Remonto darbams,Raktai ,Šešiakampiai raktai ,P636,Šešiakampiai raktai 
Remonto darbams,Raktai ,Rankenos galvutėms ,P637,Rankenos galvutėms 
Remonto darbams,Raktai ,Antgalių ir galvučių rinkiniai,P638,Antgalių ir galvučių rinkiniai
Remonto darbams,Raktai ,Suvedami raktai,P640,Suvedami raktai
Remonto darbams,Raktai ,Kiti raktai ,P639,Kiti raktai 
,,,,
Automobilių priežiūrai,Prekės automobilininkams ,"Keltuvai, trauktuvai",P650,Keltuvai
Automobilių priežiūrai,Prekės automobilininkams ,"Keltuvai, trauktuvai",P6501,Trauktuvai
Automobilių priežiūrai,Prekės automobilininkams ,"Keltuvai, trauktuvai",P6502,Diržai automobilio tempimui
Automobilių priežiūrai,Prekės automobilininkams ,Auto matavimo įrankiai ,P651,Auto matavimo įrankiai 
Automobilių priežiūrai,Prekės automobilininkams ,Automobilių priedai,P652,Avarinės priemonės
Automobilių priežiūrai,Prekės automobilininkams ,Automobilių priedai,P6521,Automobilių uždangalai
Automobilių priežiūrai,Prekės automobilininkams ,Automobilių priedai,P6522,Auto įkrovikliai
Automobilių priežiūrai,Prekės automobilininkams ,Automobilių priedai,P6523,Kilimėliai garso izoliacijai
Automobilių priežiūrai,Prekės automobilininkams ,Automobilių priedai,P6524,Kiti automobilių priedai
Automobilių priežiūrai,Prekės automobilininkams ,Remonto įrankiai ir prietaisai ,P653,Nuėmėjai guoliams ir kiti
Automobilių priežiūrai,Prekės automobilininkams ,Remonto įrankiai ir prietaisai ,P6531,Įrankiai variklio remontui
Automobilių priežiūrai,Prekės automobilininkams ,Remonto įrankiai ir prietaisai ,P6532,Įrankiai stabdžių sistemai
Automobilių priežiūrai,Prekės automobilininkams ,Remonto įrankiai ir prietaisai ,P6533,Įrankiai važiuoklės remontui
Automobilių priežiūrai,Prekės automobilininkams ,Remonto įrankiai ir prietaisai ,P6534,"Kompresoriai, pistoletai, pompos ratams"
Automobilių priežiūrai,Prekės automobilininkams ,Remonto įrankiai ir prietaisai ,P6535,Standartizuotos detalės
Automobilių priežiūrai,Prekės automobilininkams ,Remonto įrankiai ir prietaisai ,P6536,"Akumuliatoriaus pakrovėjai, užvedimo laidai"
Automobilių priežiūrai,Prekės automobilininkams ,Remonto įrankiai ir prietaisai ,P6537,"Magnetiniai įrankiai, veidrodėliai, pincetai"
Automobilių priežiūrai,Prekės automobilininkams ,Remonto įrankiai ir prietaisai ,P6538,"Tepalo pildymo, keitimo įrankiai"
Automobilių priežiūrai,Prekės automobilininkams ,Remonto įrankiai ir prietaisai ,P6539,Hidraulinė įranga
Automobilių priežiūrai,Prekės automobilininkams ,Krovinių tvirtinimo juostos,P654,Krovinių tvirtinimo juostos
Automobilių priežiūrai,Prekės automobilininkams ,Automobilių priežiūros priemonės ,P655,Automobiliniai dulkių siurbliai
Automobilių priežiūrai,Prekės automobilininkams ,Automobilių priežiūros priemonės ,P6551,Gremžtukai ledui
Automobilių priežiūrai,Prekės automobilininkams ,Automobilių priežiūros priemonės ,P6552,"Šluostės, kempinės, šepečiai"
Automobilių priežiūrai,Prekės automobilininkams ,Automobilių priežiūros priemonės ,P6553,Automobilių oro gaivikliai
Automobilių priežiūrai,Prekės automobilininkams ,Automobilių priežiūros priemonės ,P6554,"Automobilių dažai, glaistai"
Automobilių priežiūrai,Prekės automobilininkams ,Automobilių priežiūros priemonės ,P6555,"Klijai, sandarikliai"
Automobilių priežiūrai,Prekės automobilininkams ,Automobilių priežiūros priemonės ,P6556,Priemonės plovimui ir poliravimui
Automobilių priežiūrai,Prekės automobilininkams ,Automobilių priežiūros priemonės ,P6557,"Tepalai, valikliai"
Automobilių priežiūrai,Prekės automobilininkams ,"Kanistrai kurui, piltuvėliai, talpos",P656,Kanistrai kurui
Automobilių priežiūrai,Prekės automobilininkams ,"Kanistrai kurui, piltuvėliai, talpos",P6561,"Piltuvėliai, talpos techniniams skysčiams"
Automobilių priežiūrai,Prekės automobilininkams ,Automobilių chemija,P657,Aušinimo skysčiai
Automobilių priežiūrai,Prekės automobilininkams ,Automobilių chemija,P6571,Langų plovimo skysčiai
Automobilių priežiūrai,Prekės automobilininkams ,Automobilių chemija,P6572,Stabdžių skysčiai
Automobilių priežiūrai,Prekės automobilininkams ,Automobilių chemija,P6573,Antikorozinės medžiagos
Automobilių priežiūrai,Prekės automobilininkams ,Automobilių chemija,P6574,Kita automobilių chemija
,,,,
Remonto darbams,"Juostos, tinkleliai ",Dažymo juostos ,P660,Dažymo juostos 
Remonto darbams,"Juostos, tinkleliai ",Pakavimo juostos ,P661,Pakavimo juostos 
Remonto darbams,"Juostos, tinkleliai ",Izoliacinės juostos ,P662,Izoliacinės juostos 
Remonto darbams,"Juostos, tinkleliai ",Sandarinimo juostelės ,P663,Sandarinimo juostelės 
Remonto darbams,"Juostos, tinkleliai ",Kitos juostos,P664,Aliuminio juostos
Remonto darbams,"Juostos, tinkleliai ",Kitos juostos,P6641,Apdailos juostos
Remonto darbams,"Juostos, tinkleliai ",Kitos juostos,P6642,Įspėjamosios juostos
Remonto darbams,"Juostos, tinkleliai ",Kitos juostos,P6643,Juostos slidiems paviršiams
Remonto darbams,"Juostos, tinkleliai ",Kitos juostos,P6644,Universalios juostos
Remonto darbams,"Juostos, tinkleliai ",Juostos dvipusio lipnumo,P665,Juostos dvipusio lipnumo
Remonto darbams,"Juostos, tinkleliai ",Stiklo audinio tinkleliai,P666,Stiklo audinio tinkleliai
,,,,
Remonto darbams,Tvirtinimo elementai ,Tvirtinimo kampai,P670,Tvirtinimo kampai
Remonto darbams,Tvirtinimo elementai ,"Dirželiai laidams, laikikliai kabeliams",P671,"Dirželiai laidams, laikikliai kabeliams"
Remonto darbams,Tvirtinimo elementai ,"Sraigtai, varžtai",P672,"Sraigtai, varžtai"
Remonto darbams,Tvirtinimo elementai ,Kniedės ,P673,Kniedės 
Remonto darbams,Tvirtinimo elementai ,Kabės ir vinukai susegėjui,P674,Kabės
Remonto darbams,Tvirtinimo elementai ,Kabės ir vinukai susegėjui,P6741,Vinukai
Remonto darbams,Tvirtinimo elementai ,"Kaiščiai, komplektai",P675,"Kaiščiai, komplektai"
Remonto darbams,Tvirtinimo elementai ,Sąvaržos,P676,Sąvaržos
Remonto darbams,Tvirtinimo elementai ,Kiti tvirtinimo elementai ,P677,Kiti tvirtinimo elementai 
,,,,
Remonto darbams,"Apsaugos priemonės, darbo apranga ",Pirštinės ,P680,Aplietos pirštinės
Remonto darbams,"Apsaugos priemonės, darbo apranga ",Pirštinės ,P6801,Trikotažinės pirštinės
Remonto darbams,"Apsaugos priemonės, darbo apranga ",Pirštinės ,P6802,"Vienkartinės, guminės pirštinės"
Remonto darbams,"Apsaugos priemonės, darbo apranga ",Pirštinės ,P6803,Odinės pirštinės
Remonto darbams,"Apsaugos priemonės, darbo apranga ",Akių ir veido apsauga,P681,Akiniai
Remonto darbams,"Apsaugos priemonės, darbo apranga ",Akių ir veido apsauga,P6811,Skydeliai
Remonto darbams,"Apsaugos priemonės, darbo apranga ",Akių ir veido apsauga,P6812,Apsauginės veido kaukės
Remonto darbams,"Apsaugos priemonės, darbo apranga ",Akių ir veido apsauga,P6813,Suvirintojo kaukės
Remonto darbams,"Apsaugos priemonės, darbo apranga ",Galvos apsauga,P682,Kepurės
Remonto darbams,"Apsaugos priemonės, darbo apranga ",Galvos apsauga,P6821,Šalmai
Remonto darbams,"Apsaugos priemonės, darbo apranga ",Klausos apsauga,P683,Klausos apsauga
Remonto darbams,"Apsaugos priemonės, darbo apranga ",Antkeliai,P684,Antkeliai
Remonto darbams,"Apsaugos priemonės, darbo apranga ",Apsauginiai diržai,P685,Apsauginiai diržai
Remonto darbams,"Apsaugos priemonės, darbo apranga ",Darbo rūbai,P686,"Kombinezonai, kelnės"
Remonto darbams,"Apsaugos priemonės, darbo apranga ",Darbo rūbai,P6861,"Striukės, švarkai"
Remonto darbams,"Apsaugos priemonės, darbo apranga ",Darbo rūbai,P6862,Signaliniai rūbai
Remonto darbams,"Apsaugos priemonės, darbo apranga ",Darbo rūbai,P6863,Drabužiai nuo lietaus
Remonto darbams,"Apsaugos priemonės, darbo apranga ",Avalynė,P687,Darbiniai batai
Remonto darbams,"Apsaugos priemonės, darbo apranga ",Avalynė,P6871,Guminiai batai
Remonto darbams,"Apsaugos priemonės, darbo apranga ",Avalynė,P6872,"Padukai batams, kojinės"
Remonto darbams,"Apsaugos priemonės, darbo apranga ",Avalynė,P6873,Kiti batai
Remonto darbams,"Apsaugos priemonės, darbo apranga ",Informaciniai ženklai,P689,Informaciniai ženklai
,,,,
Remonto darbams,"Dažai, impregnantai, skiedikliai",Emaliniai dažai,P410,Emaliniai dažai
Remonto darbams,"Dažai, impregnantai, skiedikliai",Emulsiniai dažai,P411,Emulsiniai dažai
Remonto darbams,"Dažai, impregnantai, skiedikliai",Pigmentai tonavimui ,P412,Pigmentai tonavimui 
Remonto darbams,"Dažai, impregnantai, skiedikliai","Antiseptikai, impregnantai, lakas",P413,Antiseptikai
Remonto darbams,"Dažai, impregnantai, skiedikliai","Antiseptikai, impregnantai, lakas",P414,Impregnantai
Remonto darbams,"Dažai, impregnantai, skiedikliai","Antiseptikai, impregnantai, lakas",P415,Lakas
Remonto darbams,"Dažai, impregnantai, skiedikliai",Aerozoliniai dažai,P417,Aerozoliniai dažai
Remonto darbams,"Dažai, impregnantai, skiedikliai",Tekstilės dažai ,P418,Tekstilės dažai 
Remonto darbams,"Dažai, impregnantai, skiedikliai","Skiedikliai, tirpikliai ",P420,"Skiedikliai, tirpikliai "
,,,,
Remonto darbams,"Klijai, montavimo putos, silikonai ","Montavimo putos, silikonai",P431,"Montavimo putos, silikonai"
Remonto darbams,"Klijai, montavimo putos, silikonai ",Universalūs klijai,P430,Universalūs klijai
Remonto darbams,"Klijai, montavimo putos, silikonai ",Klijai tapetams,P432,Klijai tapetams
Remonto darbams,"Klijai, montavimo putos, silikonai ",Klijų strypeliai,P433,Klijų strypeliai
Remonto darbams,"Klijai, montavimo putos, silikonai ",Specialios paskirties klijai ,P434,Specialios paskirties klijai 
,,,,
Remonto darbams,Apšvietimo ir elektros prekės ,Lemputės,P440,Lemputės
Remonto darbams,Apšvietimo ir elektros prekės ,Prailgintojai ,P441,Prailgintojai 
Remonto darbams,Apšvietimo ir elektros prekės ,Elektros instaliacija,P442,"Elektros instaliacija, elementai"
Remonto darbams,Apšvietimo ir elektros prekės ,Šviestuvai ,P443,"Šviestuvai lubiniai, sieniniai"
Remonto darbams,Apšvietimo ir elektros prekės ,Šviestuvai ,P4431,Šviestuvai pakabinami
Remonto darbams,Apšvietimo ir elektros prekės ,Šviestuvai ,P4432,"Šviestuvai pastatomi, staliniai"
Remonto darbams,Apšvietimo ir elektros prekės ,Šviestuvai ,P4433,Šviestuvai lauko
Remonto darbams,Apšvietimo ir elektros prekės ,Lempos,P444,Lempos
Remonto darbams,Apšvietimo ir elektros prekės ,Žibintuvėliai,P445,Žibintuvėliai
Remonto darbams,Apšvietimo ir elektros prekės ,Įtampos testeriai ,P446,Įtampos testeriai 
,,,,
Remonto darbams,"Spynos, furnitūra ",Pakabinamos spynos ,P450,Pakabinamos spynos 
Remonto darbams,"Spynos, furnitūra ",Įleidžiamos spynos ,P451,Įleidžiamos spynos 
Remonto darbams,"Spynos, furnitūra ",Dviračių spynos ,P452,Dviračių spynos 
Remonto darbams,"Spynos, furnitūra ",Cilindrai spynoms,P453,Cilindrai spynoms
Remonto darbams,"Spynos, furnitūra ",Baldų furnitūra ,P454,Laikikliai lentynoms
Remonto darbams,"Spynos, furnitūra ",Baldų furnitūra ,P4541,Padukai baldams
Remonto darbams,"Spynos, furnitūra ",Baldų furnitūra ,P4542,Ratukai
Remonto darbams,"Spynos, furnitūra ","Durų, langų furnitūra ",P455,Vyriai
Remonto darbams,"Spynos, furnitūra ","Durų, langų furnitūra ",P4551,"Kabliukai, skląsčiai "
Remonto darbams,"Spynos, furnitūra ","Durų, langų furnitūra ",P4552,"Kita durų, langų furnitūra"
,,,,
Remonto darbams,Santechnika ir įrankiai,Maišytuvai ir priedai,P460,Maišytuvai ir priedai
Remonto darbams,Santechnika ir įrankiai,Lanksčios santechninės žarnelės ,P462,Lanksčios santechninės žarnelės 
Remonto darbams,Santechnika ir įrankiai,"Plautuvės, sifonai, kamščiai ",P463,"Plautuvės, sifonai, kamščiai "
Remonto darbams,Santechnika ir įrankiai,Ventiliacinė įranga ,P465,Ventiliacinė įranga 
Remonto darbams,Santechnika ir įrankiai,Santechnikos įrankiai ,P600,Santechniniai raktai
Remonto darbams,Santechnika ir įrankiai,Santechnikos įrankiai ,P6001,Sandarinimo priemonės
Remonto darbams,Santechnika ir įrankiai,Santechnikos įrankiai ,P6002,Vamzdžių lankstymo ir plėtimo įrankiai
Remonto darbams,Santechnika ir įrankiai,Santechnikos įrankiai ,P6003,Vamzdžių pjovimo įrankiai
Remonto darbams,Santechnika ir įrankiai,Santechnikos įrankiai ,P6004,Vamzdžių valymo ir patikros įrankiai
